{
  "pools": [
    {
      "bonus_rolls": 0.0,
      "entries": [
        {
          "type": "minecraft:item",
          "name": "hexcasting:scroll"
        }
      ],
      "functions": [
        {
          "function": "hexcasting:pattern_scroll"
        }
      ],
      "rolls": {
        "type": "minecraft:uniform",
        "max": 3.0,
        "min": -3.0
      }
    },
    {
      "bonus_rolls": 0.0,
      "entries": [
        {
          "type": "minecraft:item",
          "name": "hexcasting:lore_fragment"
        }
      ],
      "rolls": {
        "type": "minecraft:uniform",
        "max": 3.0,
        "min": -3.0
      }
    }
  ]
}